Topic,Date,Time,Source,Title
EUR/USD,2024-09-24,14:48,FX Empire,EUR/USD Forecast – Euro Continues to See Sideways Action - FX Empire
EUR/USD,2024-09-24,13:27,FXStreet,EUR/USD recovers from 1.1100 as Fed large rate cut bets for November swell - FXStreet
EUR/USD,2024-09-24,12:43,FXStreet,EUR/USD: Consolidative phase continues ahead of fresh clues - FXStreet
EUR/USD,2024-09-24,12:39,Forex Crunch,EUR/USD Price Analysis: Dismal EU PMIs Tone Down Bulls - Forex Crunch
EUR/USD,2024-09-24,12:28,FOREX.com,EUR/USD forecast: Euro takes minimal boost from Chinese stimulus - FOREX.com
EUR/USD,2024-09-24,12:22,FX Leaders,"Euro Economy Falters, ECB Rate Cut Odds Up, EURUSD Down - FX Leaders"
EUR/USD,2024-09-24,11:44,Investing.com,Citi doubles down on bearish EUR/USD stance - Investing.com
EUR/USD,2024-09-24,10:45,eFXdata,EUR/USD - COMMENT-EUR/USD May End Year With A Twist - eFXdata
EUR/USD,2024-09-24,10:42,XM,EUR/USD may end year with a twist - XM
EUR/USD,2024-09-24,10:29,DailyForex.com,EUR/USD Analysis Today 24/9: Can Euro Target 1.12? (Chart) - DailyForex.com
EUR/USD,2024-09-24,10:21,FXStreet,"Key trading levels: AUD/JPY, AUD/USD, EUR/JPY, EUR/USD, other currencies, Gold, and S&P 500 [Video] - FXStreet"
EUR/USD,2024-09-24,10:15,Economies.com,The EURUSD price forecast update - 24-09-2024 - Economies.com
EUR/USD,2024-09-24,09:35,FXStreet,EUR: To consolidate within 1.1100-1.1150 range – ING - FXStreet
EUR/USD,2024-09-24,08:50,FXStreet,EUR/USD: Double-top bearish reversal seems to be forming – OCBC - FXStreet
EUR/USD,2024-09-24,08:49,FX Empire,US Dollar Price Forecast: DXY Nears $101; GBP/USD and EUR/USD Outlook - FX Empire
EUR/USD,2024-09-24,08:29,FXStreet,EUR/USD: Room for EUR to test the 1.1080 – UOB Group - FXStreet
EUR/USD,2024-09-24,08:22,FXStreet,EUR/USD Price Forecast: Needs to find acceptance above 1.1165-70 for bulls to regain control - FXStreet
EUR/USD,2024-09-24,07:57,FX Empire,"Japanese Yen Retreats: Analysis For USD/JPY, EUR/USD, AUD/USD, NZD/USD - FX Empire"
EUR/USD,2024-09-24,07:55,Seeking Alpha,European indexes gain despite growth concerns (EUR:USD) - Seeking Alpha
EUR/USD,2024-09-24,07:28,FXStreet,EUR/USD: Dollar tries to come in the spotlight as consolidation mode remains on the table - FXStreet
EUR/USD,2024-09-24,06:57,Action Forex,EUR/USD Daily Outlook - Action Forex
EUR/USD,2024-09-24,06:54,ING Think,FX Daily: China adds to the reflationary mix - ING Think
EUR/USD,2024-09-24,06:31,IG,"AUD/USD, GBP/USD rally while EUR/GBP falls to near 2 ½ year low - IG"
EUR/USD,2024-09-24,03:53,Economies.com,The EURUSD price returns to test the support – Forecast today - 24-09-2024 - Economies.com
EUR/USD,2024-09-23,23:55,FXStreet,EUR/USD eases back after misfire in EU PMI figures - FXStreet
EUR/USD,2024-09-23,19:09,FXStreet,EUR/USD: Lower low for the weeks at sight - FXStreet
EUR/USD,2024-09-23,17:37,Forex Factory,"AUD/USD, USD/CAD, USD/JPY, Gold, Silver, Oil Weekly Technical Outlook: 9/23/2024 - Forex Factory"
EUR/USD,2024-09-23,16:50,Forex Factory,Euro Technical Analysis: EUR/USD Stalls Inside of Yearly High - Forex Factory
EUR/USD,2024-09-23,16:41,FX Empire,"U.S. Dollar Gained Some Ground: Analysis For EUR/USD, GBP/USD, USD/CAD, USD/JPY - FX Empire"
EUR/USD,2024-09-23,16:04,FX Empire,US Dollar Forecast: EUR/USD Falls as Weak Eurozone Data Fuels ECB Rate Cut Bets - FX Empire
EUR/USD,2024-09-23,16:00,FXStreet,EUR/USD may fall to 1.10 in the coming weeks – Rabobank - FXStreet
EUR/USD,2024-09-23,15:30,FX Empire,EUR/USD Forecast – Euro Continues to Bounce Back And Forth - FX Empire
EUR/USD,2024-09-23,13:50,Economies.com,Update: The EURUSD consolidates above the support - Economies.com
EUR/USD,2024-09-23,13:47,FXStreet,EUR/USD to revisit 1.1000 [Video] - FXStreet
EUR/USD,2024-09-23,13:42,TradingView,COMMENT-Doubts may be growing in the minds of EUR/USD bulls - TradingView
EUR/USD,2024-09-23,13:37,Action Forex,EUR/USD Mid-Day Outlook - Action Forex
EUR/USD,2024-09-23,13:02,FXStreet,EUR/USD weakens as Eurozone PMI sinks into contraction - FXStreet
EUR/USD,2024-09-23,12:56,FXStreet,EUR/USD: Bulls losing interest amid fresh EU recession fears - FXStreet
EUR/USD,2024-09-23,12:15,FXStreet,EUR/USD: Some corrective weakness in the EUR in the short run – Scotiabank - FXStreet
EUR/USD,2024-09-23,11:50,FXStreet,USD firmer as EUR dips on weak data – Scotiabank - FXStreet
EUR/USD,2024-09-23,10:50,DailyForex.com,EUR/USD Analysis Today 23/9: Recent Upward Trend (Chart) - DailyForex.com
EUR/USD,2024-09-23,10:10,MarketPulse,"Euro slips as eurozone PMIs dip, US PMIs next - MarketPulse"
EUR/USD,2024-09-23,09:55,Action Forex,EUR/USD Outlook: Weak Data Deflate Euro But Larger Bulls Remain in Play - Action Forex
EUR/USD,2024-09-23,09:37,FXStreet,EUR/USD: Set to move towards 1.1200 – UOB Group - FXStreet
EUR/USD,2024-09-23,08:55,Seeking Alpha,European markets in green as traders assess latest economic data (EUR:USD) - Seeking Alpha
EUR/USD,2024-09-23,08:49,FX Empire,US Dollar Price Forecast: Euro and UK PMIs Disappoint; GBP/USD and EUR/USD Outlook - FX Empire
EUR/USD,2024-09-23,08:34,FX Empire,"EUR/USD Drops as Eurozone PMI Hits 48.9, Signaling Escalating Recession Fears - FX Empire"
EUR/USD,2024-09-23,07:44,FX Empire,"Japanese Yen Gains Ground At The Start Of The Week: Analysis For USD/JPY, EUR/USD, AUD/USD, NZD/USD - FX Empire"
EUR/USD,2024-09-23,07:15,FXStreet,EUR/USD: Without direction the pair remains near to 1.1150 level as no big bets on the table - FXStreet
EUR/USD,2024-09-23,06:33,DailyForex.com,EUR/USD Signal Today - 23/09: Consolidation Below $1.1187 - DailyForex.com
EUR/USD,2024-09-23,06:32,IG,"EUR/USD, GBP/USD remain bid while EUR/GBP tests key long-term support - IG"
EUR/USD,2024-09-23,04:34,Action Forex,EUR/USD Daily Outlook - Action Forex
EUR/USD,2024-09-23,03:12,Action Forex,EUR/USD Momentum Builds: Can It Go Higher? - Action Forex
EUR/USD,2024-09-23,01:19,FXStreet,EUR/USD holds ground near 1.1150 ahead of Eurozone PMI data - FXStreet
EUR/USD,2024-09-22,17:00,Forex Factory,EUR/USD Weekly Forecast: Higher Momentum and Volatility Flourish More Coming - Forex Factory
EUR/USD,2024-09-22,08:44,DailyForex.com,EUR/USD Weekly Forecast - 22/09: Volatility Ahead (Chart) - DailyForex.com
EUR/USD,2024-09-21,15:08,Action Forex,EUR/USD Weekly Outlook - Action Forex
EUR/USD,2024-09-20,17:12,FX Empire,"U.S. Dollar Attempts To Rebound: Analysis For EUR/USD, GBP/USD, USD/CAD, USD/JPY - FX Empire"
EUR/USD,2024-09-20,15:21,FXStreet,EUR/USD Weekly Forecast: Focus shifts to US PCE inflation in Fed’s aftermath - FXStreet
EUR/USD,2024-09-20,14:57,FX Empire,EUR/USD Weekly Price Forecast – Euro Continues to Look at The Ceiling - FX Empire
EUR/USD,2024-09-20,14:38,FXStreet,"EUR/USD drops slightly as US Dollar rebounds, ECB Lagarde speech in focus - FXStreet"
EUR/USD,2024-09-20,14:22,FX Empire,EUR/USD Forecast – Euro Continues to See Pressures to The Upside - FX Empire
EUR/USD,2024-09-20,13:43,Action Forex,EUR/USD Mid-Day Outlook - Action Forex
EUR/USD,2024-09-20,12:37,FXStreet,EUR/USD: Encounters better selling pressure in upper 1.11s – Scotiabank - FXStreet
EUR/USD,2024-09-20,09:23,FXStreet,EUR/USD: The next target for bulls at 1.1200 – UOB Group - FXStreet
EUR/USD,2024-09-20,08:37,FX Empire,US Dollar Price Forecast: UK Retail Sales Surprise; GBP/USD and EUR/USD Outlook - FX Empire
EUR/USD,2024-09-20,08:24,Seeking Alpha,"European indexes decline, paring gains from previous day (EUR:USD) - Seeking Alpha"
EUR/USD,2024-09-20,06:39,FXStreet,EUR/USD Forecast: Euro looks to renew 2024-high - FXStreet
EUR/USD,2024-09-20,05:12,FXStreet,EUR/USD Price Forecast: The constructive outlook prevails above 1.1150 - FXStreet
EUR/USD,2024-09-19,23:32,FXStreet,EUR/USD grapples with higher ground as Fed cuts weigh on Greenback - FXStreet
EUR/USD,2024-09-19,18:44,FXStreet,EUR/USD Price Forecast: Extra advances look likely near term - FXStreet
EUR/USD,2024-09-19,14:35,FXStreet,EUR/USD surrenders majority of intraday gains on lower US jobless claims - FXStreet
EUR/USD,2024-09-19,12:15,FXStreet,EUR/USD: EUR rebounds from post-Fed low – Scotiabank - FXStreet
EUR/USD,2024-09-19,10:21,FXStreet,"Key trading levels for AUD/USD, EUR/USD, GBP/USD, USD Index, Gold, S&P 500 [Video] - FXStreet"
EUR/USD,2024-09-19,08:46,FX Empire,US Dollar Forecast: DXY Weakens as Fed Cuts Rates to 5%; GBP/USD and EUR/USD Outlook - FX Empire
EUR/USD,2024-09-19,08:16,FXStreet,EUR/USD: A ''choppy'' trading after 50 points rates cut by Fed – What's next? - FXStreet
EUR/USD,2024-09-19,07:48,FX Empire,"Australian Dollar Rallies: Analysis For USD/JPY, EUR/USD, AUD/USD, NZD/USD - FX Empire"
EUR/USD,2024-09-19,05:13,FXStreet,EUR/USD flat lines above 1.1100 after Fed's bumper rate cut - FXStreet
EUR/USD,2024-09-18,23:19,FXStreet,EUR/USD flattens post-Fed rate cut - FXStreet
EUR/USD,2024-09-18,16:53,MarketPulse,EUR/USD steady ahead of key Fed meeting - MarketPulse
EUR/USD,2024-09-18,14:12,Yahoo Finance,Will EUR/USD Surge with the Fed’s Upcoming Decision? - Yahoo Finance
EUR/USD,2024-09-18,13:32,FX Empire,EUR/USD Forecast – Euro Continues to Look to The Fed - FX Empire
EUR/USD,2024-09-17,06:48,FXStreet,EUR/USD Forecast: Euro could stay in consolidation phase ahead of key events - FXStreet
EUR/USD,2024-09-16,14:40,FXStreet,EUR/USD steadies above 1.1100 as traders bet big on Fed large rate cuts - FXStreet
EUR/USD,2024-09-16,13:44,FOREX.com,US election: Impact on EUR/USD forecast and trading strategies - FOREX.com
EUR/USD,2024-09-15,03:53,FOREX.com,EUR USD forecast Attention turns to the Fed rate decision - FOREX.com
EUR/USD,2024-09-13,07:00,FXStreet,"EUR/USD Forecast: Euro turns bullish, closes in on key resistance - FXStreet"
EUR/USD,2024-09-09,07:00,FOREX.com,"EUR/USD forecast: Currency pair of the Week – September 9, 2024 - FOREX.com"
